Review Type,Review Text
1,"""–°–ø–∞—Å–∏–±–æ –≤–∫—É—Å–Ω–æ –ø–æ—á–∞—Å—Ç–æ—Ç–Ω–µ–π –≤–µ–∫ –Ω–æ —Å–ø–∏—Å–∞—Ç—å —Ä –Ω—Å–ø–≤–∏—Å—å –±."""
0,"""–≤–∏–≤—â–≤ –≤–¥–≤–∂–≤–¥ –≤—ã–æ—ã—à—ã–∑–¥—ã –≤–¥–≤–∂—ã–∂—è–±—ã –≤–ª—ã–ª—á–æ—Å—Ç–∞ –∞ –∞–æ—á–ª—è–∂—è–∂–∂–≤–±"""
1,"""–£–∂–∞—Å–Ω–∞—è —à–∞—É—Ä–º–∞"""
1,"""–í–µ—Ä–æ–Ω–∞ - –∫–∞–∫ —Å—Ç–∞–Ω–¥–∞—Ä—Ç –∫–∞—á–µ—Å—Ç–≤–∞. –í–∫—É—Å–Ω–æ"""
0,"""–ü–ª–∞—Ç–∞ –¥–∞–∞ –∞ –¥–∞–∞ –°–∞–¥–∞—Ç —á–¥–∞—Ç–ø–¥ —Å–∂–∞—Ç–∞"""
1,"""–í—Å–µ –æ—á–µ–Ω—å —Ö–æ—Ä–æ—à–æ! –°–ø–∞—Å–∏–±–æ –±–æ–ª—å—à–æ–µ"""
1,"""–Ω–µ –¥–æ–ª–æ–∂–∏–ª–∏ –æ–ø–ª–∞—á–µ–Ω–Ω—ã–π –º–æ—Ä—Å"""
1,"""–î–æ—Å—Ç–∞–≤–∫–∞ –±—ã–ª–∞ –≤ —Ç–µ—Ä–º–æ—Å—É–º–∫–µ. –ö—Ä–∞—Å–∏–≤—ã–µ –ø–∏—Ä–æ–≥–∏ —ç—Ç–æ –æ–¥–Ω–æ"""
1,"""—É–∂–∞—Å–Ω—ã–π —Å–µ—Ä–≤–∏—Å"""
1,"""–Ω–æ—Ä–º –∫–æ—Ä–æ—á–µ –≤–∫—É—Å–Ω–æ –Ω–æ—Ä–º –∞–∞—Ç—Ç–∞—Ç–∞—Ç—å–∞—Ç–∞–ª–º—å–ø—å–∞–ª—Ç—Å"""
1,"""–≤–ø–µ—Ä–≤—ã–µ –≤–∏–∂—É"""
1,"""–Ω—É –≤–æ –ø–µ—Ä–≤—ã—Ö –æ–¥–Ω–∞ –ø–∏—Ü—Ü–∞ –ø–æ–¥–≥–æ—Ä–µ–ª–∞"""
1,"""–†–æ–ª–ª—ã –≤–∫—É—Å–Ω—ã–µ. –î–æ—Å—Ç–∞–≤–∫–∞ –¥–æ–ª–≥–∞—è –∏ –≤—Å–µ —Ä–æ–ª–ª—ã –ø–æ–º—è—Ç—ã–µ –∏ —Ö–æ–ª–æ–¥–Ω—ã–µ (–æ–±–∏–¥–Ω–æ) –†–æ–ª–ª—ã –∑–∞ –±–∞–ª—ã –≤–æ–æ–±—â–µ –Ω–µ —Ç–µ –ø–æ–ª–æ–∂–∏–ª–∏("""
0,"""–ª–∞–¥—ã–∂—ã–± –∞–¥–≤–±–±—è–¥—è –¥—á–¥—á—â—á–¥–≤–¥—Ü–±–≤ —á–æ–ª—á–ª—è–¥—ã–±—ã–±—ã"""
1,"""–æ—á–µ–Ω—å –¥–æ–ª–≥–æ –≤–µ–∑—É—Ç –∑–∞–∫–∞–∑ –∑–∞ –º–µ—Å—Ç–æ 1 —á–∞—Å–∞ –ø–æ–ª–æ–∂–µ–Ω–æ–≥–æ –≤–µ–∑—É—Ç —É–∂–µ 3 —á–∞—Å–∞ —É–∂–∞—Å–Ω–∞—è –¥–æ—Å—Ç–∞–≤–∫–∞"""
1,"""–ü—Ä–∏–≤–µ–∑–ª–∏ —Å–ø—É—Å—Ç—è –¥–≤–∞ —á–∞—Å–∞"""
1,"""–≤–º–µ—Å—Ç–æ –æ–ª–∞–¥—É—à–µ–∫ –ø—Ä–∏–≤–µ–∑–ª–∏ –ø–æ–Ω—á–∏–∫–∏"""
0,"""–û—Å–ª–∞ –¥–∞ –∞ –ø–ª–∞—Ç–∞ –∞ –≤ –ø–ª–∞—Ç—É –≤ –≤—É–≤–ª–∞—Ç—å–≤ —á–∏—Ç–∞–ª–∞ —Ç–∞ –≤ –≤ –≤ –∞—Ç–∞—Ç–∞—Ç–∞"""
1,"""–ù–∞ –¥–æ–ª—é –æ—Ä–µ–Ω–±—É—Ä–≥—Å–∫–∏—Ö –ø–æ–∫—É–ø–∞—Ç–µ–ª–µ–π –¥–æ—Å—Ç–∞–≤–∫–∏ –≤ XXI –≤–µ–∫–µ –≤—ã–ø–∞–ª–æ –Ω–µ–º–∞–ª–æ –ø–æ—Ç—Ä—è—Å–µ–Ω–∏–π"""
1,"""–ø—Ä–∏–≤–µ–∑–ª–∏ –∑–∞–∫–∞–∑ —Å –æ–ø–æ–∑–¥–∞–Ω–∏–µ–º"""
0,"""–°–ø–∞–∞–æ–∞—Ç—Ç—Å–ª–∞–ª–∞—å–ø–¥—Å–º–¥–∞–≤—å–≤–≤ –º–∞–∫ —å –º—ã –¥–∞—Ç–∞ —Å—Ç–æ–∏—Ç"""
1,"""–í–º–µ—Å—Ç–æ –¥–≤–∞ —Ñ—Ä–∏ –ø–æ–ª–æ–∂–∏–ª–∏ –¥–≤–∞ –¥–µ—Ä–µ–≤–µ–Ω—Å–∫–∏—Ö –∫–∞—Ä—Ç–æ—Ñ–µ–ª—è !"""
1,"""–°—É—à–∏ —Ä–∞–∑–≤–∞–ª–∏–≤–∞—é—Ç—Å—è"""
1,"""—Ä—ã–±–∞ –±—ã–ª–∞ –Ω–µ —Å–≤–µ–∂–µ–π"""
1,"""–¥–æ—Å—Ç–∞–≤–∫–∞ –±–æ–ª–µ–µ 2 —á–∞—Å–æ–≤"""
0,"""–í —ç—Ç–æ—Ç —Ä–∞–∑"""
1,"""–í–∫—É—Å–Ω—ã–µ –æ—á–µ–Ω—å —Å–∏–ª—å–Ω–æ üíì–º–Ω–µ –±–µ–∑—É–º–Ω–æ –ø–æ–Ω—Ä–∞–≤–∏–ª–∏—Å—å —Ä–æ–ª–ª—ã"""
0,"""–°–ª—Å—Ç—á—Ç—á–±—é–≤–¥ –æ—ã–ª–æ–≤–æ—Ç—å—Å –æ–≤–æ–∞–æ–≤"""
1,"""–î–æ—Å—Ç–∞–≤—â–∏–∫ –ª—É—á—à–∏–π! –ï—Ç–æ—á–≥—Ç—Å–Ω—Ç—Å–æ –∞–∞–µ—Ç—Å–Ω–æ"""
1,"""–í—Å–µ —Ç–∞–∫ –≤–∫—É—Å–Ω–æ"""
1,"""–£–∂–∞—Å–Ω–æ –º–∞–ª–µ–Ω—å–∫–∏–µ"""
1,"""–≤—Å–µ –æ—Ç–ª–∏—á–Ω–æ"""
0,"""–Ø –Ω–µ –∑–Ω–∞—é —á—Ç–æ –∏ –∫–∞–∫ —Ç—ã —Ç–∞–º –¥–µ–ª–∞–µ—à—å –∏ —á—Ç–æ –º–Ω–µ –¥–µ–ª–∞—Ç—å —Å —ç—Ç–∏–º —á–µ–ª–æ–≤–µ–∫–æ–º —è –Ω–µ —Ö–æ—á—É —á—Ç–æ–±—ã —Ç—ã –º–µ–Ω—è –Ω–µ –ª—é–±–∏—à—å –º–µ–Ω—è –∏ –Ω–µ —Ö–æ—á–µ—à—å –æ–±—â–∞—Ç—å—Å—è —Å —Ç–æ–±–æ–π —è"""
1,"""–ù–µ –≤–µ—Ä–Ω—É–ª–∏ —Å–¥–∞—á—É 820 —Ä—É–±–ª–µ–π !"""
1,"""–•—É–∂–µ —Ä–æ–ª–ª —è –Ω–µ –µ–ª–∞ –≤–æ—Ç —á–µ—Å—Ç–Ω–æ"""
1,"""–∑–∞–∫–∞–∑—ã–≤–∞–ª –æ–¥–Ω–æ –∞ –ø—Ä–∏—à–ª–æ –¥—Ä—É–≥–æ–µ"""
0,"""–ë–∞–ª—Å–ª–∞ –∞–∂–∞–¥–¥–∞–¥–∞ –∞–¥–¥–∞–¥–∞–¥–∞ –∂–∞–∂–∞–¥–∞"""
0,"""–¢–æ–Ω –æ–ø—Ç–∞ –≥–Ω–∞–ª–æ –æ–ø-–∞—Ä—Ç –û–ª–∏–º–ø. –ì–æ—Ä–∏—Ç"""
1,"""–Ω–µ–≤–∫—É—Å–Ω—ã–µ """
1,"""–¢–æ–ª—å–∫–æ —Å–¥–∞—á—É –Ω–µ –≤–µ—Ä–Ω—É–ª–∏"""
1,"""–í—Å–µ —Å—É–ø–µ—Ä"""
1,"""–†–æ–ª–ª—ã –≤–∫—É—Å–Ω—ã–µ"""
1,"""–ü–∏—Ü—Ü–∞ —Ö–æ–ª–æ–¥–Ω–∞—è –±—ã–ª–∞"""
1,"""–ó–∞–∫–∞–∑ –Ω–µ –ø—Ä–∏–µ—Ö–∞–ª """
1,"""AMA BALLIN - –í—Ö–ª–∞–º. –°–ª—É—à–∞–π—Ç–µ —Ç—Ä–µ–∫"""
1,"""–æ—á–µ–Ω—å –≤–∫—É—Å–Ω–æ –±—ã—Å—Ç—Ä–æ –Ω–æ—Ä–º —á–∂–∏–∞–≤–¥—Ç—Å–¥–∞–±–∞"""
1,"""–ó–∞–¥–µ—Ä–∂–∞–ª–∏ –¥–æ—Å—Ç–∞–≤–∫—É –∏ –ø–µ—Ä–µ–≤–µ–∑–ª–∏ –ø–∏—Ü—Ü—É —á—É—Ç—å —Ç–µ–ø–ª—É—é !"""
1,"""–Ω–∞—á–∏–Ω–∫–∏ –æ—á–µ–Ω—å –º–∞–ª–æ"""
1,"""–∑–∞–∫–∞–∑ –ø—Ä–∏–Ω—è–ª–∏"""
1,"""–æ—á–µ–Ω—å –≤–∫—É—Å–Ω–æ"""
1,"""–ù–µ –¥–æ–ª–æ–∂–∏–ª–∏ —Å–æ—É—Å –≤ –∑–∞–∫–∞–∑"""
0,"""Its really goos the aushi is really good as well as orher dish also"""
0,"""–º–¥—Ä—Å–¥–æ–º–æ–¥—Ä—Ä—Ä—Ä—Ä–æ–º–º–æ–æ–º–∏–æ—Ä–ø—Ä–æ—Ä–ø—Ä. –ù–µ–Ω–æ—Ä–Ω"""
1,"""–ó–¥—Ä–∞–≤—Å—Ç–≤—É–π—Ç–µ. –ó–∞–∫–∞–∑ –Ω–µ –ø–æ–ª—É—á–∏–ª–∞ —Ç–∞–∫ –∫–∞–∫ –≤–Ω–µ–∑–∞–ø–Ω–æ —Å—Ç–∞–ª–æ –ø–ª–æ—Ö–æ –∏ —É–≤–µ–∑–ª–∏ –Ω–∞ —Å–∫–æ—Ä–æ–π –≤ –±–æ–ª—å–Ω–∏—Ü—É."""
1,"""–í–∫—É—Å —É–∂–∞—Å–Ω—ã–π. –í–µ—Å—å —Å–µ—Ç –Ω–µ –ø–æ–Ω—Ä–∞–≤–∏–ª—Å—è (Black Gold –≤—Ä–æ–¥–µ)"""
1,"""–û–ø–æ–∑–¥–∞–ª–∏ –Ω–∞ 2 —á–∞—Å–∞. –ï–¥–∞ –±—ã–ª–∞ —É–∂–µ –≤—Å—è —Ö–æ–ª–æ–¥–Ω–∞—è"""
1,"""–í—Å–µ —Ä–æ–ª–ª—ã –ø–µ—Ä–µ–≤–µ—Ä–Ω—É–ª–∏—Å—å """
1,"""–û—Ç–ª–∏—á–Ω—ã–µ –∫–æ—Ä–æ–±–æ—á–∫–∏"""
0,"""–õ–∞–ª–∞ —Å—â–±—Å–±—Å—â–±–≤—à–∞ –∞–ª–≤–æ—á—à—å–∞—å–º—â–±—Å–±–ª–∞–ø—Ä"""
1,"""–ü–∏—Ü—Ü–∞ –≤–∫—É—Å–Ω–∞—è"""
1,"""–≠—Ç–æ –±—ã–ª–∞ –æ–¥–Ω–∞ –∏–∑ —Å–∞–º—ã—Ö —É–∂–∞—Å–Ω—ã—Ö –¥–æ—Å—Ç–∞–≤–æ–∫"""
0,"""–í–æ–≤–æ–æ–≤–æ–≤ –≤–æ–≤–ª–≤–ª–ª–≤ —Å–ª—á–¥—è—â—ã—Ç—á—Ç—á —á—Ç—è—Ç—á—å—å—è–ª—á–ª–≤"""
1,"""–ù–µ –ø–æ–ª–æ–∂–∏–ª–∏ –æ–¥–∏–Ω —Ä–æ–ª–ª. –û–±–µ—â–∞–ª–∏—Å—å –≤–µ—Ä–Ω—É—Ç—å –¥–µ–Ω—å–≥–∏ –¥–æ 21 –≤–µ—á–µ—Ä–∞"""
0,"""Sksnskamd skmsnsms sksnsmsmdnsmsmsm"""
0,"""–≤—Å–µ –∫–ª–∞—Å—Å"""
1,"""–í–∫—É—Å–Ω—ã–µ –∏ –æ—Ä–∏–≥–∏–Ω–∞–ª—å–Ω—ã–µ —Ä–æ–ª–ª—ã –∏ —Å—É—à–∏"""
1,"""–í–æ–ª–æ—Å—ã –≤ —Ä–æ–ª–ª–∞—Ö. –†–µ—à–µ–Ω–∏–µ –ø—Ä–æ–±–ª–µ–º—ã –±—ã–ª–æ"""
1,"""—ç—Ç–æ –ø—Ä–æ—Å—Ç–æ —Å–µ—Ä–≤–∏—Å –∞—É—Ç. –∂–¥—ë–º –∑–∞–∫–∞–∑ —É–∂–µ —Ç—Ä–µ—Ç–∏–π —á–∞—Å. —Å–µ—Ä–≤–∏—Å –ø–∏—à–µ—Ç"""
1,"""–í–ø–µ—Ä–≤—ã–µ –Ω–µ –ø–æ—Ä–∞–¥–æ–≤–∞–ª–∏ —Ä–æ–ª–ª—ã –∏–∑ —ç—Ç–æ–≥–æ –∫–∞—Ñ–µ. –í —Ü–µ–ª–æ–º –±–µ–∑–≤–∫—É—Å–Ω—ã–µ. –í–∏–¥–∏–º–æ –Ω–∞—à–∏ –∫–∞—Ñ–µ –Ω–∏–∫–∞–∫ –Ω–µ –º–æ–≥—É—Ç –Ω–∞—É—á–∏—Ç—å—Å—è –ø–æ—Å—Ç–æ—è–Ω–Ω–æ –ø–æ–¥–¥–µ—Ä–∂–∏–≤–∞—Ç—å —Ö–æ—Ä–æ—à–∏–π —É—Ä–æ–≤–µ–Ω—å‚Ä¶"""
1,"""–Ω–µ –ø–æ–ª–æ–∂–∏–ª–∏ –µ–¥—É –∫ –∑–∞–∫–∞–∑—É –∑–∞ –±–∞–ª–ª—ã"""
1,"""–∫—É—Ä—å–µ—Ä –ø—Ä–æ—Å–∏–ª –æ–ø–ª–∞—Ç–∏—Ç—å"""
1,"""–ó–∞–∫–∞–∑ –±—ã–ª –æ—Ñ–æ—Ä–º–ª–µ–Ω –≤ 11:43"""
1,"""—Ä–æ–ª–ª —Ç–æ–ª—å–∫–æ —Å –º–∞–∑–∏–∫–æ–º –ò —Ä–æ–ª–ª—ã –ø—Ä–∏–≤–µ–∑–ª–∏ –Ω–µ –≤—Å–µ"""
1,"""–°—É–ø—ã —Ö–æ–ª–æ–¥–Ω—ã–µ. –ü–∏—Ü—Ü–∞ –æ—Å—Ç—ã–≤—à–∞—è –ø–æ–ª–Ω–æ—Å—Ç—å—é"""
1,"""–•—É–π–Ω—è –ø–æ–ª–Ω–∞—è –Ω–æ–≤–Ω–∏—â–µ –ø–∂–ø–∑–ø—à–º–æ—å–∞–±–∞–¥–∫–ø–∂"""
0,"""–õ—ã–æ–≤–æ–≤–ª–∞–ª –∞–æ–∞–ª–ª–∞—à–∞ –≤–ª–∞–ª–∞–ª–ª–∞"""
1,"""–í–∫—É—Å–Ω—ã–π —Å—É–ø—á–∏–∫"""
1,"""—Å—É–ø–µ—Ä –µ–¥–∞ —Å—É–ø–µ—Ä –≤–∫—É—Å–Ω–æ –±—ã—Å—Ç—Ä–æ —Ä–µ–∫–æ–º–µ–Ω–¥—É—é"""
1,"""–ó–∞–∫–∞–∑ –Ω–µ –ø—Ä–∏–≤–µ–∑–ª–∏ . –ê —Å–∏–¥–µ–ª–∏ –∂–¥–∞–ª–∏ –µ–≥–æ"""
1,"""–æ—Ç–ª–∏—á–Ω—ã–π –∑–∞–∫–∞–∑ —Ç—Ä–∞–ª –ª–∞–ª–∞–ª–∞ –±–ª–∞ –±–ª–∞ –±–ª–∞"""
1,"""–ó–∞–∫–∞–∑–∞–ª–∏ –ø–∏—Ü—Ü—É —Å –∫—Ä–µ–≤–µ—Ç–∫–æ–π """
1,"""–í –º—è—Å–Ω—É—é —Ç–∞—Ä–µ–ª–∫—É –Ω–µ –ø–æ–ª–æ–∂–∏–ª–∏ —Å–µ—Ä–≤–µ–ª–∞—Ç –∏ —Ö—Ä–µ–Ω. –ù–æ –æ—á–µ–Ω—å –≤–∫—É—Å–Ω–æ –≤—Å–µ."""
1,"""–ó–∞–∫–∞–∑–∞–ª–∏ –¥–≤–∞ –±—É—Ä–≥–µ—Ä–∞ —Å –∫—É—Ä–∏—Ü–µ–π"""
1,"""–æ—á–µ–Ω—å –¥–æ–ª–≥–∞—è –¥–æ—Å—Ç–∞–≤–∫–∞. –ø—Ä–∏ –∑–≤–æ–Ω–∫–µ –≤ –∫–∞—Ñ–µ"""
1,"""–í–∫—É—Å–Ω—ã–µ"""
1,"""–ß—Ç–æ –æ—Ü–µ–Ω–∏–≤–∞—Ç—å, –µ—Å–ª–∏ –≤—ã –Ω–µ –ø—Ä–∏–Ω–∏–º–∞–µ—Ç–µ –∑–∞–∫–∞–∑, –Ω–æ —Å–ø—Ä–∞—à–∏–≤–∞–µ—Ç–µ –æ—Ç–∑—ã–≤? –ü–æ–¥—Å–∫–∞–∂–∏—Ç–µ, –∫–∞–∫–æ–≤ –±—ã –±—ã–ª –≤–∞—à ""–æ—Ç–∑—ã–≤""?...."""
0,"""–Ø –Ω–µ –∑–Ω–∞—é —á—Ç–æ –∏ –∫–∞–∫ —Ç—ã —Ç–∞–º –¥–µ–ª–∞–µ—à—å –∏ —á—Ç–æ –º–Ω–µ –¥–µ–ª–∞—Ç—å —Å —ç—Ç–∏–º —á–µ–ª–æ–≤–µ–∫–æ–º —è –Ω–µ —Ö–æ—á—É 6666666"""
1,"""–¥–≤–∞ —á–∞—Å–∞ –∂–¥–∞–ª –∑–∞–∫–∞–∑ –ø***—Ü"""
0,"""–•–æ—Ä–æ—à–æ —Ç–æ–≥–¥–∞ —è –Ω–µ –∑–Ω–∞—é –∫–∞–∫ —ç—Ç–æ –¥–µ–ª–∞—Ç—å –∏ —á—Ç–æ –º–Ω–µ –Ω—É–∂–Ω–æ –¥–µ–ª–∞—Ç—å –≤ —ç—Ç–æ–º —Å–ª—É—á–∞–µ –µ—Å–ª–∏ —è –Ω–µ –±—É–¥—É –ø–∏—à–∏—Ç–µ –≤ –∏–Ω—Ç–µ—Ä–Ω–µ—Ç–µ –∏ –Ω–µ"""
1,"""–ï–¥–∞ –≤–∫—É—Å–Ω–∞—è """
1,"""–†–æ–ª–ª—ã –æ—á–µ–Ω—å –ø–æ–Ω—Ä–∞–≤–∏–ª–∏—Å—å. –ö—É—Ä—å–µ—Ä –ø—Ä–∏–µ—Ö–∞–ª –±—ã—Å—Ç—Ä–æ"""
1,"""–∫–∞—á–µ—Å—Ç–≤–æ –æ—Ç–ª–∏—á–Ω–æ–µ –≤–µ—á–µ—Ä –¥–∞ –≤–∫—É—Å–Ω–æ —Ö–æ—Ä–æ—à–æ –ø—Ä–∏—è—Ç–Ω–æ –≥–æ–ª–æ–≤–∞ —Ä—É–∫–∞ —á–µ–ª–æ–≤–µ–∫"""
1,"""–ü—Ä–æ—Å–Ω–∏—â—Ç–¥ –æ—á–µ—á–µ—Å–Ω–∏—â—Ç–¥—Ç–¥–∏–ª–∏–¥ –∂"""
1,"""–¥–≤–∞–¥—Ü–∞—Ç—å –ø—è—Ç—å —Å–∏–º–≤–æ–ª–æ–≤ –º–æ–ª–æ–¥–µ—Ü –∫–∞–∫–∞—è –º–æ–ª–æ–¥–µ—Ü"""
1,"""–≤—Å–µ –±—ã–ª–æ –∑–∞–µ–±–∏—Å—å —á–µ—Ç–∫–æ"""
0,"""–ü–∏—à—É –æ—Ç–∑—ã–≤ —á—Ç–æ–±—ã –ø–æ–ª—É—á–∏—Ç—å –±–∞–ª–ª—ã"""
0,"""—à –∫–∞ –ª–∞–ª–∞–ª–∞–ª–∞–±–∞–±–∞—å–≤–æ–≤–∞–ª–ª–∞–ª–∞"""
1,"""–í–º–µ—Å—Ç–æ —Ä–∏—Å–∞ –ø–æ–ª–æ–∂–∏–ª–∏ –ª–∞–ø—à—É"""
1,"""–∑–∞–∫–∞–∑–∞–ª–∞ 17.06 —Å–µ–≥–æ–¥–Ω—è"""
1,"""–∑–∞–∫–∞–∑–∞–ª–∞ —Ç—Ä–∏ —Å–æ—É—Å–∞"""
1,"""–ö–∞–∂–¥—ã–π —Ä–∞–∑ –∑–∞–∫–∞–∑—ã–≤–∞—é —É –≤–∞—Å"""
1,"""–ë—É–ª–æ—á–∫–∞ —É –±—É—Ä–≥–µ—Ä–∞ –±—ã–ª–∞ –Ω–∞—Å—Ç–æ–ª—å–∫–æ —Å—Ç–∞—Ä–∞—è"""
1,"""–°–ø–∞—Å–∏–±–æ –±–æ–ª—å—à–æ–µ –∏ –∑–∞ –ø—Ä–∏–≥–ª–∞—à–µ–Ω–∏–µ –Ω–∞ —Å–æ–±–µ—Å–µ–¥–æ–≤–∞–Ω–∏–µ —Å –≤–∞–º–∏ –ø–æ –ø–æ–≤–æ–¥—É —Ä–∞–±–æ—Ç—ã –∏ –ø–æ –ø–æ–≤–æ–¥—É —Ä–∞–±–æ—Ç—ã –∏ –ø–æ –ø–æ–≤–æ–¥—É —Ä–∞–±–æ—Ç—ã –∏ –ø–æ –ø–æ–≤–æ–¥—É —Ä–∞–±–æ—Ç—ã –∏ –ø–æ"""
1,"""–ó–∞–∫–∞–∑—ã–≤–∞–ª–∏ –≤–µ—á–µ—Ä–æ–º –ø—è—Ç–Ω–∏—Ü—ã, –ø–æ—ç—Ç–æ–º—É –º–æ–∂–Ω–æ –æ–±—ä—è—Å–Ω–∏—Ç—å –¥–æ—Å—Ç–∞–≤–∫—É –≤ 2,5 —á–∞—Å–∞. 
–ù–û –≤ —Ü–µ–∑–∞—Ä–µ –±—ã–ª–∞ –æ–¥–Ω–∞ –ø–æ–º–∏–¥–æ—Ä–∫–∞, –∫—É—Ä–∏—Ü—ã –Ω–µ—Ç, –ª–∞–ø—à–∞ –ª–µ–¥—è–Ω–∞—è, –∫–∞—Ä—Ç–æ—à–∫–∞ —Ä–∞–∑–º—è–∫—à–∞—è –∏ –±–µ–∑ —Å–æ—É—Å–∞, —Ö–æ—Ç—è –≤ –º–µ–Ω—é –Ω–∞–ø–∏—Å–∞–Ω–æ, —á—Ç–æ –ø–æ–¥–∞—ë—Ç—Å—è —Å —Å–æ—É—Å–æ–º. 
–ú—ã –æ—á–µ–Ω—å —á–∞—Å—Ç–æ —Ç—É—Ç –∑–∞–∫–∞–∑—ã–≤–∞–µ–º, –Ω–æ –≤ –ø–æ—Å–ª–µ–¥–Ω–µ–µ –≤—Ä–µ–º—è —Ç—É—Ç –ø—Ä–æ—Å—Ç–æ –æ—Ç–≤—Ä–∞—Ç–∏—Ç–µ–ª—å–Ω–æ –≥–æ—Ç–æ–≤—è—Ç. –í–µ—á–µ—Ä –∏—Å–ø–æ—Ä—Ç–∏–ª–∏, —Å–ø–∞—Å–∏–±–æ ü§°"""
1,"""–ù–∏ –ø–∞–ª–æ—á–µ–∫"""
1,"""–†–æ–ª–ª –∑–∞ –±–∞–ª–ª—ã –ø–æ—á–µ–º—É-—Ç–æ –æ–∫–∞–∑–∞–ª—Å—è –ø–ª–∞—Ç–Ω—ã–º"""
1,"""–Ω–µ –ø–æ–ª–æ–∂–∏–ª–∏ –≤ –∫–æ–º–±–æ –Ω–∞–±–æ—Ä –∫–æ–ª—É"""
1,"""–û—á–µ–Ω—å –¥–æ–ª–≥–æ –≤–µ–∑–ª–∏ –∑–∞–∫–∞–∑. 3 —á–∞—Å–∞. –Ø —Å–¥–µ–ª–∞–ª–∞ —Ç—É—Ç –∑–∞–∫–∞–∑"""
1,"""# –î–∞–Ω–Ω—ã–π –ø–æ–ª—å–∑–æ–≤–∞—Ç–µ–ª—å –Ω–∞—Ö–æ–¥–∏—Ç—Å—è –≤ —Ñ–µ–¥–µ—Ä–∞–ª—å–Ω–æ–º —Ä–æ–∑—ã—Å–∫–µ –†–æ—Å—Å–∏–π—Å–∫–æ–π –§–µ–¥–µ—Ä–∞—Ü–∏–∏ ‚Äî [–ü–æ–¥—Ä–æ–±–Ω–µ–µ](https:"""
1,"""–ù–µ –ø–æ–ª–æ–∂–∏–ª–∏ –ø—Ä–∏–±–æ—Ä—ã. –ù–µ –±—ã–ª–æ –≤–∞—Å–∞–±–∏"""
1,"""–ó–∞–∫–∞–∑ –¥–æ—Å—Ç–∞–≤–∏–ª–∏ –æ—á–µ–Ω—å –±—ã—Å—Ç—Ä–æ. –í —ç—Ç–æ–º –ø–ª—é—Å """
1,"""—Å—É—Ö–∞—è —à–∞—É—Ä–º–∞
ü´°ü•π
—Å–ø–∞—Ç—å
—É—Ä—É—Ç–∫–æ–µ"""
1,"""–±—É—Ä–≥–µ—Ä –±–µ–∑ –∫–æ—Ç–ª–µ—Ç—ã –ø—Ä–∏—à–µ–ª"""
1,"""–ù–µ –¥–æ–ª–æ–∂–∏–ª–∏ –æ–¥–Ω–æ –±–ª—é–¥–æ"""
1,"""–í—Ç–æ—Ä–æ–π —Ä–∞–∑ –∑–∞–∫–∞–∑—ã–≤–∞–µ–º"""
1,"""–î–æ–ª–≥–æ –≥–æ—Ç–æ–≤–∏–ª–∏"""
0,"""–ù—É —á—Ç–æ —Ç–∞–º –∫–∞–∫ —Ç–∞–º –¥–µ–ª–∞ –∫–∞–∫ –Ω–∞—Å—Ç—Ä–æ–µ–Ω–∏–µ —É –≤–∞—Å —Ç–∞–º —á—Ç–æ –Ω–æ–≤–æ–≥–æ"""
0,"""–ö–∞–∫ –Ω–¥—Ä—è–¥—Ä—á–¥—Ä—á–¥–æ—á–¥—Ä—á–¥—á–Ω–¥–≥—á–∂—Å–≥–∂–≥–º"""
1,"""–ù–µ –¥–æ–ª–æ–∂–∏–ª–∏ –≤ –∑–∞–∫–∞–∑ –Ω–∞–ø–∏—Ç–æ–∫"""
1,"""–î–æ—Å—Ç–∞–≤–∫—É –∑–∞–¥–µ—Ä–∂–∞–ª–∏"""
1,""")::‚ÇΩ&amp;8654:?? –°–∞–µ—à—å—Ç—Å–∞ fyiihbb"""
1,"""–ü—Ä–∏–≤–µ–∑–ª–∏ –∑–∞–∫–∞–∑ –º–æ–π"""
0,"""–æ–≤–æ—â–∫–ª –∫–æ–∞–≥–∫–≥ —à—â—Ç—Ç–∫ –≥–≥7—É–æ–∫–∏ –ª–ª–ª—É–ª—Ç–ª–ª –æ–ø–ª–∞—Ç–∏–ª–∞ –æ–ª–ª–∫ –ª–Ω–ø—É—â–ª–∫–∫ —à–∫—à–∫–æ–∫–æ–∫–æ–∫—à–∫ –û—à –∫–ª–ª–æ–∫"""
1,"""–î–æ—Å—Ç–∞–≤–∏–ª–∏ –∑–∞ 4 —á–∞—Å–∞"""
0,"""—ç—Ç–æ —É–∂–∞—Å"""
1,"""—Ñ—É—Ö –æ—à–∞—Ä–∞—à–∏–ª–∏ –≤–æ-–≤–æ-–≤–æ –≤–µ—á–µ—Ä–æ–º"""
1,"""–ü—Ä–º—Ä –Ω–∞ —Ä–∞–±–æ—Ç—É –∏ –Ω–∞ —Ä–∞–±–æ—Ç—É –Ω–µ –ø–æ–µ–¥—É –Ω–∞ —Ä–∞–±–æ—Ç—É –≤ –ø–æ–Ω–µ–¥–µ–ª—å–Ω–∏–∫ –Ω–∞ —Ä–∞–±–æ—Ç—É –µ–¥—É –¥–æ–º–æ–π –µ–¥—É –¥–æ–º–æ–π –µ–¥—É –¥–æ–º–æ–π –µ–¥—É –¥–æ–º–æ–π –µ–¥—É –¥–æ–º–æ–π –µ–¥—É –¥–æ–º–æ–π –µ–¥—É"""
0,"""–æ—Ç –≥–æ—Ç–æ–≤ –≤–æ –∫–≥ —à—Ç —Ä–∞ –∫–µ—à –¥–æ–º –ø–æ –ª–∏ –º–∞ –ê–û –≥–∞ –ø–æ —à–∫–µ—É–µ—É–µ—É–µ—É"""
0,"""–û–ø–∞–Ω—à–ª–∏–∫–µ—â–¥–¥–æ –Ω–∞–ø—à –≥—Ä–µ–µ—Ç –î–∂–æ–Ω–µ –¥–æ–∫"""
1,"""–û–æ–æ—á–µ–Ω—å –¥–æ–ª–≥–∞—è –¥–æ—Å—Ç–∞–≤–∫–∞. –°–ø–∞—Å–∏–±–æ —Ç–æ–ª—å–∫–æ —Å–ª—É–∂–±–µ –ø–æ–¥–¥–µ—Ä–∂–∫–∏, –æ–Ω–∏ –≤—Å–µ ""—Ä–∞–∑—Ä—É–ª–∏–ª–∏"". –û–ø–µ—Ä–∞—Ç–æ—Ä –º–µ–≥–∞ —Å—É—à–∏ –æ—á–µ–Ω—å –Ω–µ–¥–æ–≤–æ–ª—å–Ω—ã–º –≥–æ–ª–æ—Å–æ–º –≤–µ—â–∞–ª–∞, —á—Ç–æ –µ—â—ë –∏ –¥–≤—É—Ö —á–∞—Å–æ–≤ –Ω–µ –ø—Ä–æ—à–ª–æ, —Ç–∏–ø–∞ —á—Ç–æ –≤—ã —Ö–æ—Ç–∏—Ç–µ?!."""
1,"""–î–æ—Å—Ç–∞–≤–∫–∞ –±—ã–ª–∞ –æ—á–µ–Ω—å –¥–æ–ª–≥–æ"""
1,"""–í—Å–µ –æ—Ç–ª–∏—á–Ω–æ """
1,"""–ü–æ–ø–∞–ª–∏—Å—å –∫–æ—Å—Ç–∏ –∏ –Ω–∏—Ç–∫–∞"""
1,"""–û—á–µ–Ω—å –¥–æ–ª–≥–∞—è –¥–æ—Å—Ç–∞–≤–∫–∞"""
1,"""–¥–µ–≤—É—à–∫–∞ –æ–ø–µ—Ä–∞—Ç–æ—Ä –æ—Ç–∑–≤–æ–Ω–∏–ª–∞—Å—å –ø–æ –∑–∞–∫–∞–∑—É"""
1,"""–ê—Ö—É–µ–Ω–æ–æ–æ–æ–æ–æ –ø—Ä–æ—Å—Ç–æ –±–æ–º–±–∞ """
1,"""–∞—Ö****–æ!
–Ω—Ä–∞–≤–∏—Ç—Å—è —É –≤–∞—Å –µ–¥–∞, –∑–∞–≥–ª—è–Ω—É –µ—â–µ"""
1,"""–û–±–∞–∂–∞—é –≤–∞—à—É –µ–¥—É"""
1,"""–†–æ–ª–ª—ã –≤ —É–∂–∞—Å–Ω–æ–º —Å–æ—Å—Ç–æ—è–Ω–∏–∏"""
1,"""–õ–∞–ø—à–∞ —Å –º–æ—Ä–µ–ø—Ä–æ–¥—É–∫—Ç–∞–º–∏ –æ—á–µ–Ω—å –≤–∫—É—Å–Ω–∞—è"""
1,"""–Ω–µ –ø–æ–ª–æ–∂–∏–ª–∏ —Å–æ—É—Å"""
1,"""–æ—á –ø–æ–Ω—Ä–∞–≤–∏–ª–æ—Å—å.–±—É–¥—É —Ä–µ–∫–æ–º–µ–Ω–¥–æ–≤–∞—Ç—å"""
1,"""–Ω—É —á—Ç–æ –Ω–µ—Ç —è —Ç–µ–±–µ –≥–æ–≤–æ—Ä—é —è —Ç–µ–±–µ –≥–æ–≤–æ—Ä—é —è —Ç–µ–±–µ –Ω–µ –Ω—É–∂–µ–Ω —Ç—ã –Ω–µ –Ω—É–∂–µ–Ω —è –Ω–µ –±—É–¥—É —Ç–µ–±—è –ª—é–±–∏—Ç—å –∏ —Ç—ã –±—É–¥–µ—à—å —Å–æ –º–Ω–µ"""
1,"""–ï–≥–æ –ø–æ –æ –æ—Ä –ò–Ω. –ì–æ –ø–æ. –û. –ù–æ."""
1,"""–õ–∞–ø—à–∞ —Ö–æ—Ä–æ—à–∞—è –ø–æ –≤–∫—É—Å—É"""
1,"""–í—Å–µ –≤–∫—É—Å–Ω–æ """
1,"""–î–æ—Å—Ç–∞–≤–∏–ª–∏ —Å –Ω–µ–±–æ–ª—å—à–æ–π –∑–∞–¥–µ—Ä–∂–∫–æ–π"""
0,"""–î–∞–¥ –∏ –æ—Å–æ–±–æ –º–µ—Å—Ç –æ–ø—ã—Ç –Ω–µ –¥ —Ç–∞–º –≤–æ—Ç –¥–∞ –≤–∞–º —Ç–æ –± –ª—é"""
0,"""–ø–æ –ø–æ–≤–æ–¥—É —Ç–æ–≥–æ –∂–µ –≥–æ–¥–∞ –±—ã–ª –∏–∑–±—Ä–∞–Ω —á–ª–µ–Ω–æ–º"""
1,"""–í—Å–µ –æ—á–µ–Ω—å –≤–∫—É—Å–Ω–æ –±—ã—Å—Ç—Ä–æ –∏ –∫–∞—á–µ—Å—Ç–≤–µ–Ω–Ω–æ!"""
1,"""—Å–∞–º–∞—è –∞—Ö—É–µ–Ω–Ω–∞—è –ø–∏—Ü—Ü–∞ –≤ –≥–æ—Ä–æ–¥–µ"""
1,"""–ü–µ—Ä–µ–ø—É—Ç–∞–ª–∏ –∑–∞–∫–∞–∑ —ç—Ç–æ –ª–∞–¥–Ω–æ –±—ã–≤–∞–µ—Ç –Ω–∏—á–µ–≥–æ —Å—Ç—Ä–∞—à–Ω–æ–≥–æ –Ω–æ –≤–æ–∫ –∑–∞–∫–∞–∑—ã–≤–∞–ª —Å –∫–æ–ª—å–º–∞—Ä–æ–º –∏ –∫—Ä–µ–≤–µ—Ç–∫–æ–π –∞ –ø—Ä–∏—Å–ª–∞–ª–∏ —Å —Ç–µ–ª—è—Ç–∏–Ω–æ–π"""
1,"""–Ω–µ –ø—Ä–∏–≤–µ–∑–ª–∏ –≥–∞–≤–∞–π—Å–∫—É—é –ø–∏—Ü—Ü—É"""
1,"""–û–±–æ–∂—Ä–∞–ª—Å—è –ø****—Ü. –ï***—å –∫–∞–∫ –≤–∫—É—Å–Ω–æ"""
0,"""–≤–ø–µ—Ä–≤—ã–µ —Ç–∞–∫–æ–µ"""
1,"""–í–∫—É—Å–Ω–∞—è –∏ –≥–æ—Ä—è—á–∞—è –µ–¥–∞"""
1,"""–í–º–µ—Å—Ç–æ —Ç—Ä—ë—Ö –ø–æ–∑–∏—Ü–∏–π –ø—Ä–∏–≤–µ–∑–ª–∏ –¥–≤–µ"""
0,"""–¢–∞–∑–º—å–≤—Ö. –¶–∑. –§—ç. –ô–∑. –¶—Ö. –¶"""
1,"""–ù–µ –ø—Ä–∏–Ω–∏–º–∞–ª–∏ –∑–∞–∫–∞–∑ –∏ –Ω–µ –¥–æ—Å—Ç–∞–≤–∏–ª–∏ –∑–∞—à—ë–ª –Ω–∞ —Å–ª–µ–¥—É–π—â–∏–π –¥–µ–Ω—å –ø–æ–∫–∞–∑–∞–ª–æ —á—Ç–æ –¥–æ—Å—Ç–∞–≤–∏–ª–∏ –∏ —Å–ø–∏—Å–∞–ª–∏ –±–∞–ª–ª—ã –≤—Å–µ–º —Å–ø–∞—Å–∏–±–æ –≤—Å–µ —Å–≤–æ–±–æ–¥–Ω—ã"""
1,"""–µ—Å—Ç—å –Ω–µ –≤–æ–∑–º–æ–∂–Ω–æ –æ—á–µ–Ω—å —Å–∏–ª—å–Ω–æ —Å–æ–ª—ë–Ω–æ—è"""
1,"""–≤ –æ–ø–∏—Å–∞–Ω–∏–∏ —Å–µ—Ç –∫–ª–∞—Å—Å–∏—á–µ—Å–∫–∏–π –±—ã–ª–∞ —É–∫–∞–∑–∞–Ω–∞ –§–∏–ª–∞–¥–µ–ª—å—Ñ–∏—è –∫–ª–∞—Å—Å–∏—á–µ—Å–∫–∞—è –ø—Ä–∏–Ω–µ—Å–ª–∏ –±–æ–ª—å—à–µ –ø–æ—Ö–æ–∂—É—é –Ω–∞ –ª–∞–π—Ç"""
1,"""–∫—Ä–æ—è –ø–∏—Ü—Ü—ã –Ω–µ–º–Ω–æ–≥–æ –ø–æ–¥–≥–æ—Ä–µ–≤—à–∏–µ"""
1,"""–ü—Ä–∏–≤–µ–∑–ª–∏ –≤—Å—ë —Ö–æ–ª–æ–¥–Ω–æ–µ"""
0,"""–ê–∑–∑—É–∑–∞—â –∂–≤–∂–≤–∂–≤–∂–≤ –ø–∂–∂—Ü–∂—É–∂–≤–∂–≤ –ø–æ–∂—É–∂—ã–∂–∞–∞"""
1,"""–ó–∞–∫–∞–∑—ã–≤–∞–ª–∞ –¶–µ–∑–∞—Ä—å —Å –∫—É—Ä–∏—Ü–µ–π
–ù–æ –≤–æ 2 —Ä–∞–∑ –ø–æ–ø–∞–¥–∞–µ—Ç—Å—è –Ω–µ —Å–≤–µ–∂–∞—è –∫—É—Ä–∏—Ü–∞ –≤ —Å–∞–ª–∞—Ç–µ‚Ä¶"""
1,"""–∞—Ö—É–µ–Ω–Ω—ã–µ"""
1,"""–û—Ç–≤—Ä–∞—Ç–∏—Ç–µ–ª—å–Ω–æ"""
1,"""–î–æ—Å—Ç–∞–≤–∫–∞ –¥–æ–ª–≥–∞—è (2 —á–∞—Å–∞)"""
1,"""—à–∞—à–ª—ã–∫ —Ä–µ–∑–∏–Ω–æ–≤—ã–π """
0,"""–∏–∞ –∏–Ω—Ç–≤—Ä–≤—Ä–µ –∫–∏–µ–∏–∫—Ä–Ω –ø —Ç–µ–º–∫–º–µ –µ–∏–µ –µ–∏–µ –µ–∏–∏–µ –µ–∏–µ –∏–µ –µ–º–µ–∏–µ –µ–∏–µ –µ –∫–∏–ø –∏–µ –ø –Ω–∏–µ –ø."""
0,"""Yrfgfcfgvfhvghv. Ggyyfc ggfccbb. Ghccb ghhvcvv"""
1,"""–æ—á–µ–Ω—å —Å–æ–ª–µ–Ω—ã–π –ø–∏—Ä–æ–≥ —Å —Ä—ã–±–æ–π"""
0,"""–¢–∞—Ç–∞—Ç—á—Ç —å—ã–ª—ã –≤ —Ç–≤–æ–≤—å–≤—Ç—á —Ç–∞–æ–≤ —Ç—É–ª—ã –ª—á —á"""
1,"""–ü–æ—á–µ–º—É —Ç–æ –ø–æ –≤–µ—Å—É –∫–∞—Ä—Ç–æ—à–∫–∞ —Ñ—Ä–∏ 140 –¥–æ–ª–∂–Ω–∞ –±—ã—Ç—å"""
